scenario,utilization,subgroup,n_seeds,mean_wait_avg,mean_wait_ci_lo,mean_wait_ci_hi,P90_avg,P90_ci_lo,P90_ci_hi,P95_avg,P95_ci_lo,P95_ci_hi
imperfect_ai,1.0,A,30,0.11405853617358999,0.10610379599097658,0.12134459760779845,0.0,0.0,0.0,0.6316666666666606,0.4649999999999939,0.8
imperfect_ai,1.0,B,30,0.05367076418558579,0.04963377586452041,0.05832698525519936,0.0,0.0,0.0,0.0,0.0,0.0
imperfect_ai,1.1,A,30,0.12113544817981513,0.11391241762892884,0.12801545619114674,0.0,0.0,0.0,0.7016666666666425,0.541624999999926,0.8499999999999849
imperfect_ai,1.1,B,30,0.08068615143433823,0.0761189686543617,0.08530887398046405,0.0,0.0,0.0,0.03333333333333333,0.0,0.1
imperfect_ai,1.2,A,30,0.11639529076696967,0.10975719185787106,0.12345215811634937,0.0,0.0,0.0,0.7233333333333273,0.5666666666666667,0.8799999999999879
imperfect_ai,1.2,B,30,0.0863412433640485,0.08135084165841824,0.09129103305575827,0.0,0.0,0.0,0.03333333333333333,0.0,0.1
