scenario,population_type,mean,median,p90,p95,perc_<=_15min,equity_gap_mean_wait
AI-only,A,6.712683910244374,0.785764244152233,16.599110673205,30.8240607281797,88.87034340708122,-4.8174476804251665
AI-only,B,1.8952362298192083,0.46725928044179454,5.184431159835733,7.436954175832214,98.81680356044433,-4.8174476804251665
Baseline,A,4.277788418677334,1.3157760124304332,12.300400310172702,16.96896495060935,93.28926933217755,-0.0872852238622066
Baseline,B,4.190503194815127,1.243860148882959,12.077572206928744,16.798111750255334,93.55209718578155,-0.0872852238622066
Hybrid,A,6.108684810149036,0.720664052394568,16.296591421269113,29.660962573601864,89.13704481285745,-4.217340995614445
Hybrid,B,1.8913438145345907,0.4148992463833565,5.200234837899927,7.482129054096,98.75765214259992,-4.217340995614445
Imperfect-AI,A,6.681183634487207,0.9152067626127973,17.411701717035612,31.63702922428638,88.37768055655168,-4.710821586441314
Imperfect-AI,B,1.9703620480458919,0.5252481725910911,5.390847592978392,7.748582462177728,98.78928571428571,-4.710821586441314
